etudiant,groupe_detecte_depuis_rendu,note_sur_20,commentaire_synthetique
"Cédric Rigaux","Solo (aucun coequipier explicite detecte dans le rendu ODS)","13.5","Bon travail sur devis et CMDB, chemin critique present, mais rendu semble partiellement incomplet sur certaines sections."
"Dylan Sara","Solo (rendu PDF complet, aucun coequipier explicite)","17.0","Tres bon rendu global, structure solide et contenu detaille sur planification, PERT et gestion de projet."
"Enzo Pitolin","Groupe: Enzo Pitolin + Loic Erbuer + Alexis Verplaetse (noms en page 1)","16.0","Travail de groupe coherent, bonne maitrise des parties planning/chemin critique, quelques imprécisions de calcul mineures."
"Flavien Melard","Groupe: Flavien Melard + Reda Bouali (nommage explicite du rendu)","15.0","Rendu de groupe globalement serieux et exploitable; completude correcte avec quelques points a clarifier."
"Lucas Deudon","Solo (nom unique explicite dans le PDF)","14.0","Bonne couverture des parties 2-5, propositions pertinentes en risques et ITIL, mais exactitude et presentation inegales."
"Lucas Gomes","Groupe: Lucas Gomes + Antoine Cadet + Robin Kudzia (noms en page 1)","16.5","Rendu riche et detaille, bonne qualite d'analyse des risques et ITIL, ensemble bien argumente."
"Matthieu Doolaeghe","Solo (aucun coequipier explicite dans le PDF)","15.5","Bon niveau sur CMDB, planification et risques; travail coherent et appliqué, quelques zones restent un peu incomplètes."
"Wali Guefif","Groupe probable: Wali + Matheo (nommage explicite des fichiers joints)","11.5","Rendu partiel sur chemin critique et annexes; idees justes mais couverture trop limitee pour viser plus haut."
"Wassil Henni","Groupe: Wassil Henni + Mohammed Maiz (metadata DOCX: creator Mohammed MAIZ)","13.5","Bon contenu sur devis/CMDB/Gantt; production utile mais couverture partielle des volets risques/ITIL dans les fichiers fournis."
